Id,Episode,EpisodeLength,Score,CumulativeReward,CauseOfTermination,EpisodeDuration,TrainLossMin,TrainLossMax,TrainLossMean
0,0,114,3,-7.9999999999999885,EpisodeTruncated,4.830213,0.0,0.0,0.0
0,1,49,0,-4.799999999999999,EpisodeTruncated,1.030677,0.0,0.0,0.0
0,2,130,3,-9.59999999999998,EpisodeTruncated,4.101821,0.0,0.0,0.0
0,3,138,13,0.500000000000012,Win,6.147161,0.0,0.0,0.0
0,4,96,1,-8.399999999999986,EpisodeTruncated,2.944222,0.0,0.0,0.0
0,5,112,4,-6.699999999999994,EpisodeTruncated,5.124045,0.0,0.0,0.0
0,6,124,13,1.8999999999999995,Win,6.826186,0.0,0.0,0.0
0,7,156,13,-1.2999999999999692,Win,8.092689,0.0,0.0,0.0
0,8,127,13,1.6000000000000165,Win,7.053396,0.0,0.0,0.0
0,9,129,13,1.400000000000008,Win,7.108112,0.0,0.0,0.0
0,10,160,3,-12.599999999999966,EpisodeTruncated,6.896398,0.0,0.0,0.0
0,11,128,13,1.4999999999999964,Win,8.594211,0.0,0.0,0.0
0,12,159,13,-1.5999999999999766,Win,9.165927,0.0,0.0,0.0
0,13,64,13,7.9,Win,3.525681,0.0,0.0,0.0
0,14,218,4,-17.29999999999997,EpisodeTruncated,9.64794,0.0,0.0,0.0
0,15,202,9,-10.199999999999987,EpisodeTruncated,10.365875,0.0,0.0,0.0
0,16,136,13,0.6999999999999948,Win,6.535445,0.0,0.0,0.0
0,17,96,13,4.699999999999998,Win,7.270202,0.0,0.0,0.0
0,18,103,13,3.999999999999998,Win,5.065212,0.0,0.0,0.0
0,19,79,13,6.399999999999999,Win,4.120091,0.0,0.0,0.0
0,20,105,13,3.7999999999999994,Win,4.846919,0.0,0.0,0.0
0,21,140,13,0.29999999999999893,Win,5.243517,0.0,0.0,0.0
0,22,108,13,3.4999999999999964,Win,4.792734,0.0,0.0,0.0
0,23,58,13,8.5,Win,3.837227,0.0,0.0,0.0
0,24,100,13,4.299999999999997,Win,4.398618,0.0,1.7802742531704767,1.346086954907694
0,25,56,13,8.7,Win,4.37334,0.0,1.3085507587260985,1.1334885216328416
0,26,109,13,3.4,Win,9.701856,0.0,1.0714405484579943,0.9044835556213858
0,27,74,13,6.9,Win,5.459279,0.0,0.9137998787559556,0.7869159363268531
0,28,60,13,8.300000000000006,Win,4.991817,0.0,0.8694237099326274,0.7374225144955097
0,29,57,13,8.6,Win,4.347481,0.0,0.8490326563493494,0.7280778989096894
0,30,57,13,8.6,Win,4.441843,0.0,0.8142975217744474,0.7031391560716593
0,31,74,13,6.899999999999997,Win,4.060529,0.0,0.8388698870140581,0.7066740327858447
0,32,75,13,6.799999999999997,Win,4.100854,0.0,0.8122140069978353,0.6837902894261072
0,33,60,13,8.3,Win,4.31021,0.0,0.8011937401865317,0.6689538905663612
0,34,108,13,3.499999999999997,Win,5.555603,0.0,0.8516342207165156,0.6559028574953649
0,35,56,13,8.700000000000006,Win,3.680979,0.0,0.7758958484688568,0.6489444666847709
0,36,50,13,9.300000000000002,Win,3.438102,0.0,0.7605018100699938,0.6349406210387841
0,37,77,13,6.599999999999996,Win,2.955024,0.0,0.7583565668174763,0.6304839288589328
0,38,60,13,8.300000000000002,Win,4.018356,0.0,0.7408385115483073,0.6280749512563849
0,39,42,13,10.100000000000001,Win,2.489129,0.0,0.7558023246601182,0.6255206363950142
0,40,42,13,10.100000000000001,Win,2.239108,0.0,0.7154337404140255,0.6166131380990705
0,41,50,13,9.300000000000002,Win,2.824886,0.0,0.708677992238602,0.6085472247254553
0,42,37,13,10.6,Win,2.889862,0.0,0.7374477203336787,0.6017118040165517
0,43,87,13,5.6,Win,4.872665,0.0,0.7021604202351786,0.58864736961221
0,44,48,13,9.500000000000002,Win,3.095382,0.0,0.700451209771336,0.5840432286860271
0,45,55,13,8.800000000000002,Win,2.69165,0.0,0.7303773047361194,0.5807089508672163
0,46,44,13,9.9,Win,2.599726,0.0,0.7328550428447972,0.5797837429967718
0,47,53,13,9.0,Win,4.132741,0.0,0.6945436592316508,0.5718121240026971
0,48,63,13,8.000000000000004,Win,4.491905,0.0,0.685931939788659,0.5642120028450706
0,49,40,13,10.300000000000002,Win,2.157813,0.0,0.675304154867258,0.5620345807591461
0,50,43,13,10.0,Win,3.124561,0.0,0.6837474753502109,0.5451525232627167
0,51,48,13,9.5,Win,3.209033,0.0,0.6560734809104695,0.5546413892833779
0,52,48,13,9.5,Win,4.073857,0.0,0.681627045521027,0.557079128543639
0,53,69,13,7.4,Win,3.973934,0.0,0.6813062384145792,0.5456354803257287
0,54,39,13,10.400000000000004,Win,2.955135,0.0,0.685467002187136,0.5343033692455693
0,55,47,13,9.6,Win,2.738382,0.0,0.7303372366636898,0.5317940848053095
0,56,55,13,8.800000000000004,Win,3.53143,0.0,0.7047623585599542,0.5343817572612058
0,57,51,13,9.200000000000001,Win,2.393889,0.0,0.6340410603940541,0.5206145712408197
0,58,45,13,9.800000000000002,Win,2.862495,0.0,0.6835677297297093,0.5129053578571819
0,59,66,13,7.700000000000001,Win,2.962198,0.0,0.6270816710264892,0.5142896399575055
0,60,41,13,10.200000000000001,Win,3.342929,0.0,0.5970909058118415,0.5071966686591075
0,61,57,13,8.60000000000001,Win,3.47984,0.0,0.6079468365665036,0.5000991223424273
0,62,47,13,9.600000000000001,Win,2.953734,0.0,0.6389542909381578,0.5027491852722415
0,63,32,13,11.100000000000005,Win,2.106917,0.0,0.6120712144174125,0.4978454795397312
0,64,55,13,8.8,Win,2.432108,0.0,0.6445641620867256,0.4968724180116003
0,65,41,13,10.200000000000001,Win,1.909911,0.0,0.5926676789994503,0.48976968904145296
0,66,73,13,6.9999999999999964,Win,4.312883,0.0,0.6188522137848926,0.4834655300030391
0,67,84,13,5.899999999999998,Win,5.920684,0.0,0.5957526166966165,0.48034101076695274
0,68,52,13,9.100000000000007,Win,2.346367,0.0,0.5810641935657838,0.47774594901403755
0,69,51,13,9.200000000000001,Win,2.679027,0.0,0.5958456688291858,0.4741311046828072
0,70,46,13,9.700000000000005,Win,2.943828,0.0,0.6222832070521833,0.47753383724927756
0,71,60,13,8.299999999999999,Win,2.344124,0.0,0.577858530388878,0.4631002939088985
0,72,71,13,7.200000000000005,Win,2.991469,0.0,0.5851182943183448,0.4633852837774182
0,73,46,13,9.700000000000003,Win,2.428965,0.0,0.593457265475341,0.4542073305911534
0,74,46,13,9.7,Win,2.705528,0.0,0.617060190499702,0.45556525329831327
0,75,80,13,6.299999999999999,Win,3.223085,0.0,0.5613157865121421,0.4496680510446389
0,76,41,13,10.200000000000001,Win,1.628421,0.0,0.5928102538028938,0.4486187708664462
0,77,60,13,8.300000000000008,Win,2.924662,0.0,0.5659856173301652,0.4428320130239793
0,78,54,13,8.899999999999999,Win,2.406984,0.0,0.5856263293775291,0.44238280935173707
0,79,44,13,9.9,Win,2.71854,0.0,0.5649762512934002,0.43971709446483115
0,80,82,13,6.099999999999999,Win,3.501128,0.0,0.6294544881429593,0.439502229691477
0,81,62,13,8.1,Win,3.068911,0.0,0.6023383706685975,0.430286043481283
0,82,61,13,8.2,Win,4.03483,0.0,0.5497202532718364,0.43123664006800644
0,83,72,13,7.1,Win,2.675903,0.0,0.5147432228688654,0.4308381848067325
0,84,50,13,9.3,Win,2.666605,0.0,0.586958888284495,0.42664773402797573
0,85,52,13,9.100000000000001,Win,2.12728,0.0,0.5335401188812577,0.42448546401167814
0,86,70,13,7.299999999999997,Win,3.211304,0.0,0.5438152678181782,0.4213277309148183
0,87,57,13,8.6,Win,3.98927,0.0,0.5779736659912765,0.43560301678752916
0,88,70,13,7.3,Win,3.838865,0.0,0.5416847285481486,0.4224953038342111
0,89,64,13,7.900000000000002,Win,2.819991,0.0,0.5442714437830233,0.4214339494839282
0,90,63,13,8.0,Win,2.430837,0.0,0.5442979185289507,0.41007830053084593
0,91,53,13,9.0,Win,2.844069,0.0,0.5411719483471221,0.4097709552011542
0,92,85,13,5.799999999999995,Win,2.871308,0.0,0.5310648108523365,0.4120635038165061
0,93,53,13,9.000000000000002,Win,2.258786,0.0,0.5555831537172279,0.4015158349157085
0,94,44,13,9.9,Win,2.852551,0.0,0.5058939187037548,0.4053963652789186
0,95,58,13,8.499999999999998,Win,2.483235,0.0,0.553186065276408,0.40071331934921384
0,96,71,13,7.200000000000001,Win,2.318269,0.0,0.49842361687391,0.40163375182579236
0,97,57,13,8.6,Win,2.332073,0.0,0.5907784744360197,0.39502059893360486
0,98,47,13,9.600000000000001,Win,2.828536,0.0,0.531951768827127,0.39358157917595865
0,99,53,13,9.0,Win,2.283558,0.0,0.516993152864609,0.3914582016886625
0,100,40,13,10.300000000000002,Win,1.916973,0.0,0.5117182705252581,0.38692662188522337
0,101,66,13,7.700000000000003,Win,3.154276,0.0,0.5172056344448457,0.3843321428734465
0,102,52,13,9.100000000000009,Win,2.98141,0.0,0.5401258979238662,0.38718898735742047
0,103,56,13,8.7,Win,2.864897,0.0,0.5296448001166288,0.38868542916480014
0,104,64,13,7.9,Win,2.781105,0.0,0.4791141351344937,0.3787053967658325
0,105,57,13,8.600000000000001,Win,2.300551,0.0,0.4956519016449107,0.3805352193378606
0,106,69,13,7.400000000000005,Win,2.45664,0.0,0.5303572252638677,0.37692870153460967
0,107,48,13,9.500000000000004,Win,2.004178,0.0,0.48995146095341113,0.3766404423713582
0,108,68,13,7.499999999999998,Win,3.084727,0.0,0.6813186202940082,0.3821001829351439
0,109,67,13,7.600000000000005,Win,3.690457,0.0,0.4659060744957167,0.3763725218143437
0,110,49,13,9.4,Win,2.054988,0.0,0.4981671182786607,0.36893852548321177
0,111,66,13,7.699999999999999,Win,3.219582,0.0,0.48700494640527975,0.3670095263778857
0,112,62,13,8.100000000000001,Win,2.573134,0.0,0.47995645028751743,0.3642093321569746
0,113,62,13,8.099999999999998,Win,2.100779,0.0,0.49500241577530524,0.35940773256861475
0,114,73,13,7.0,Win,3.558824,0.0,0.4799625658806419,0.35334567110152004
0,115,74,13,6.899999999999998,Win,3.194237,0.0,0.4884049163393103,0.3518611912958414
0,116,55,13,8.799999999999997,Win,2.682254,0.0,0.46145111862144134,0.34264594447791535
0,117,60,13,8.299999999999999,Win,2.606177,0.0,0.44810952250570807,0.3335879588554735
0,118,81,13,6.199999999999996,Win,3.814252,0.0,0.4370491721112001,0.3280897534498594
0,119,48,13,9.5,Win,2.156286,0.0,0.4433655000442371,0.32764693910756193
0,120,54,13,8.9,Win,2.479315,0.0,0.4281158972877029,0.32411137285590835
0,121,58,13,8.500000000000004,Win,2.426446,0.0,0.46156208781765934,0.3194538174808665
0,122,50,13,9.300000000000006,Win,1.86857,0.0,0.4000387366710913,0.3034890724022265
0,123,49,13,9.4,Win,2.446772,0.0,0.43678965610593196,0.30590872783638856
0,124,40,13,10.300000000000004,Win,2.303043,0.0,0.44606025478785066,0.29517623894265266
0,125,56,13,8.699999999999998,Win,3.066782,0.0,0.38550808739313563,0.2942273820181435
0,126,55,13,8.800000000000004,Win,2.700724,0.0,0.39275920158830674,0.2885136190284974
0,127,51,13,9.200000000000006,Win,2.365146,0.0,0.3681477813114704,0.2858223165521176
0,128,70,13,7.299999999999997,Win,2.444461,0.0,0.3840810441219601,0.28021663375658684
0,129,50,13,9.3,Win,1.935407,0.0,0.38512509911039194,0.2774052987678722
0,130,54,13,8.900000000000002,Win,2.25538,0.0,0.3850737840912596,0.27869474980261094
0,131,55,13,8.799999999999999,Win,2.164309,0.0,0.3945500920370011,0.27198996933855085
0,132,65,13,7.799999999999999,Win,2.92489,0.0,0.37263465425499565,0.2742307734406386
0,133,60,13,8.299999999999999,Win,3.129726,0.0,0.3666978876310698,0.26915787623185894
0,134,62,13,8.1,Win,2.359813,0.0,0.3743843462251264,0.2594575316609501
0,135,51,13,9.200000000000001,Win,3.833072,0.0,0.3955097611419267,0.2522980830083893
0,136,36,13,10.700000000000005,Win,1.88423,0.0,0.4116534496052743,0.2531798162442007
0,137,50,13,9.299999999999999,Win,2.094657,0.0,0.3741422459425625,0.24768154562460218
0,138,43,13,10.000000000000004,Win,2.136106,0.0,0.3791829237112885,0.24265888046637224
0,139,43,13,10.000000000000002,Win,1.616352,0.0,0.377981830666566,0.24246141061913024
0,140,60,13,8.299999999999999,Win,2.72642,0.0,0.3430037530141302,0.24196043051353103
0,141,46,13,9.700000000000001,Win,2.314866,0.0,0.37552163786963993,0.23359127073254193
0,142,56,13,8.7,Win,2.414153,0.0,0.33756145388288583,0.23241770305461426
0,143,40,13,10.300000000000002,Win,2.028196,0.0,0.335205507338109,0.2290602968362898
0,144,40,13,10.300000000000004,Win,1.379828,0.0,0.3280389894210461,0.22795903366300957
0,145,68,13,7.500000000000005,Win,2.797037,0.0,0.31578293500702886,0.2184266446037478
0,146,45,13,9.799999999999999,Win,2.234287,0.0,0.3418817866612354,0.21424493010235962
0,147,64,13,7.9,Win,3.35584,0.0,0.2953358114328643,0.20963706015633435
0,148,45,13,9.80000000000001,Win,1.743203,0.0,0.27791510025533556,0.20280949629475398
0,149,69,13,7.399999999999998,Win,2.967747,0.0,0.32439277693610163,0.19855143302419248
0,150,37,13,10.600000000000003,Win,2.305883,0.0,0.2956840029809955,0.19553995839464078
0,151,42,13,10.100000000000005,Win,1.998564,0.0,0.27822112781241765,0.19513619164855306
0,152,45,13,9.800000000000002,Win,1.75007,0.0,0.27094304109345513,0.18986816468047776
0,153,44,13,9.900000000000004,Win,2.569359,0.0,0.33804410109152194,0.18913592377013067
0,154,57,13,8.600000000000001,Win,2.565112,0.0,0.29448382987025445,0.18940764578688063
0,155,45,13,9.8,Win,1.707,0.0,0.2722311322160251,0.19014406288202093
0,156,45,13,9.800000000000002,Win,3.112025,0.0,0.2809896272998614,0.18315823954715654
0,157,77,13,6.600000000000001,Win,3.308018,0.0,0.2698279024748808,0.1771055183115471
0,158,52,13,9.1,Win,2.709851,0.0,0.25595740878084583,0.1766681068241211
0,159,82,13,6.099999999999996,Win,2.926257,0.0,0.28721265147263714,0.17332710359716996
0,160,51,13,9.200000000000001,Win,2.34835,0.0,0.27439937101713463,0.1707075070575026
0,161,56,13,8.700000000000003,Win,3.200147,0.0,0.28337508588754984,0.1686596002596653
0,162,56,13,8.700000000000006,Win,2.343591,0.0,0.27535637547392267,0.16544181099104432
0,163,62,13,8.099999999999998,Win,3.17343,0.0,0.2742925908418868,0.1662604855112348
0,164,68,13,7.500000000000006,Win,2.062575,0.0,0.242329353669431,0.1643496772337774
0,165,67,13,7.599999999999998,Win,3.204107,0.0,0.22958066843135722,0.16207977028124973
0,166,77,13,6.600000000000001,Win,2.952655,0.0,0.3034222433618998,0.16293259006108168
0,167,68,13,7.5000000000000036,Win,2.932256,0.0,0.23016588986079986,0.15655738006008904
0,168,52,13,9.100000000000005,Win,2.091971,0.0,0.259660661492386,0.1571002390910188
0,169,58,13,8.500000000000007,Win,2.308207,0.0,0.23624360366784503,0.15132214578906575
0,170,52,13,9.100000000000001,Win,2.151032,0.0,0.2563289333318292,0.1527210333324942
0,171,57,13,8.599999999999998,Win,2.009103,0.0,0.2643045812206868,0.14861256207585277
0,172,62,13,8.1,Win,2.471304,0.0,0.2172486273156295,0.14654514445683156
0,173,55,13,8.800000000000004,Win,2.501122,0.0,0.24053905967292302,0.14555833922515973
0,174,42,13,10.100000000000001,Win,1.508981,0.0,0.26015018771346043,0.14506032933498822
0,175,57,13,8.600000000000005,Win,2.571954,0.0,0.21972450851208014,0.14095153454193163
0,176,63,13,7.999999999999998,Win,2.470217,0.0,0.21699365771140178,0.13957960807152556
0,177,55,13,8.8,Win,2.198178,0.0,0.2529617269062812,0.13794899932128424
0,178,36,13,10.700000000000003,Win,1.833532,0.0,0.20396255946533662,0.13626482835118414
0,179,84,13,5.899999999999998,Win,3.147657,0.0,0.243067976869863,0.13460098219782196
0,180,47,13,9.600000000000007,Win,2.118169,0.0,0.24544938537973315,0.133230491180927
0,181,52,13,9.100000000000001,Win,1.981448,0.0,0.19523445972464237,0.1317558378877287
0,182,72,13,7.100000000000002,Win,3.180183,0.0,0.2247547117355868,0.1294010846470249
0,183,56,13,8.70000000000001,Win,2.26537,0.0,0.20983653814930972,0.12847114373505675
0,184,72,13,7.100000000000005,Win,2.57092,0.0,0.20815300836790526,0.12503413304717745
0,185,43,13,10.0,Win,2.036532,0.0,0.19408175422112856,0.12616014948867757
0,186,50,13,9.3,Win,2.007665,0.0,0.19335515771447892,0.12354516766569804
0,187,50,13,9.299999999999999,Win,1.784723,0.0,0.20541388881544498,0.124366967524519
0,188,48,13,9.5,Win,2.471464,0.0,0.20476015593486913,0.12192664475063068
0,189,52,13,9.100000000000001,Win,1.875216,0.0,0.19567500901278664,0.11987951800066107
0,190,109,13,3.4000000000000075,Win,2.958374,0.0,0.20522553845183916,0.12185114881101113
0,191,51,13,9.2,Win,1.899938,0.0,0.20356605264115799,0.11878128626085546
0,192,52,13,9.1,Win,2.087129,0.0,0.21342732963980462,0.11814100629340353
0,193,44,13,9.900000000000002,Win,1.924304,0.0,0.19474170990605394,0.11608569532421743
0,194,70,13,7.300000000000001,Win,2.381689,0.0,0.17782945693275923,0.11638694290374167
0,195,46,13,9.700000000000001,Win,2.692526,0.0,0.1946366268413831,0.11427970415708681
0,196,52,13,9.1,Win,1.955909,0.0,0.18504302681699258,0.1141740669813847
0,197,56,13,8.700000000000001,Win,2.456148,0.0,0.18190235192200277,0.11398665612875511
0,198,51,13,9.200000000000001,Win,2.222971,0.0,0.18057438732187617,0.11331491520423972
0,199,55,13,8.800000000000004,Win,2.333251,0.0,0.18107443677694746,0.11146583460420321
0,200,50,13,9.3,Win,2.693301,0.0,0.1922922325981261,0.11258065736665678
0,201,57,13,8.6,Win,2.576659,0.0,0.22449270677868016,0.11105634275059977
0,202,47,13,9.600000000000001,Win,2.413645,0.0,0.20615894336580445,0.11020631986923447
0,203,62,13,8.099999999999998,Win,2.281512,0.0,0.1737571289811138,0.11155021642936438
0,204,48,13,9.5,Win,1.750297,0.0,0.18227042096415408,0.11023355225136788
0,205,67,13,7.600000000000003,Win,3.057775,0.0,0.1968904989440696,0.10979467883034184
0,206,78,13,6.4999999999999964,Win,2.40332,0.0,0.17897685053999127,0.10888476602832264
0,207,53,13,9.000000000000009,Win,2.061105,0.0,0.17846302289055466,0.10755823092819763
0,208,57,13,8.599999999999998,Win,2.54616,0.0,0.16854851466427465,0.10671478628526311
0,209,49,13,9.400000000000002,Win,1.886391,0.0,0.17477200180101346,0.10731098072369911
0,210,75,13,6.799999999999995,Win,3.125573,0.0,0.19065473141138764,0.10410049103016827
0,211,35,13,10.800000000000002,Win,1.302975,0.0,0.20229373773775705,0.10412938590909585
0,212,72,13,7.099999999999999,Win,2.443866,0.0,0.15333652482208446,0.10355224153082149
0,213,53,13,9.0,Win,2.634604,0.0,0.16576119052710975,0.10284132463438275
0,214,53,13,9.0,Win,2.410191,0.0,0.16401414017594412,0.10308642031774026
0,215,44,13,9.900000000000004,Win,2.207657,0.0,0.1598497667662419,0.10205545150753866
0,216,67,13,7.600000000000005,Win,2.668409,0.0,0.15975093190442458,0.1020556037432502
0,217,35,13,10.800000000000002,Win,1.558837,0.0,0.17237208200340942,0.1016239996011287
0,218,57,13,8.600000000000005,Win,2.074693,0.0,0.18271638545965066,0.10060255154024311
0,219,49,13,9.400000000000002,Win,2.173254,0.0,0.19759586037763252,0.09988271651500208
0,220,49,13,9.400000000000004,Win,1.869422,0.0,0.16037239388940117,0.09849463237446099
0,221,41,13,10.2,Win,1.912221,0.0,0.17511104252906143,0.09783821083417842
0,222,34,13,10.900000000000002,Win,1.688647,0.0,0.16721240284484953,0.09984087873695979
0,223,48,13,9.5,Win,1.806465,0.0,0.15659125925118697,0.09845131316697774
0,224,39,13,10.4,Win,1.586368,0.0,0.18438246513006393,0.0978720267823365
0,225,42,13,10.100000000000005,Win,1.772016,0.0,0.16490394928886465,0.09657582118139599
0,226,69,13,7.400000000000006,Win,2.43912,0.0,0.18054337464390466,0.09632043316594112
0,227,59,13,8.400000000000004,Win,1.970068,0.0,0.16171835848272964,0.095590607513662
0,228,46,13,9.7,Win,1.764515,0.0,0.1590024912825088,0.09699895887919423
0,229,47,13,9.600000000000001,Win,1.378204,0.0,0.15274850273723822,0.09500330034860414
0,230,65,13,7.800000000000004,Win,2.008952,0.0,0.1479759662077995,0.09272215289608389
0,231,61,13,8.200000000000005,Win,2.231088,0.0,0.18851711225154677,0.09405183973474703
0,232,58,13,8.5,Win,1.937202,0.0,0.1575341444170484,0.09194726407355835
0,233,51,13,9.200000000000001,Win,1.722962,0.0,0.13979115650186585,0.09141395088400389
0,234,45,13,9.800000000000004,Win,2.08619,0.0,0.1748108089544593,0.08941005101630342
0,235,52,13,9.100000000000001,Win,2.12536,0.0,0.14490763560607686,0.09017383392401739
0,236,54,13,8.900000000000006,Win,1.991342,0.0,0.1501757234975374,0.0892614460655683
0,237,31,13,11.200000000000001,Win,2.065616,0.0,0.14598747540015966,0.0892963810972142
0,238,39,13,10.4,Win,2.224077,0.0,0.155028661828805,0.08907468132942668
0,239,52,13,9.100000000000009,Win,1.767135,0.0,0.15745692429331376,0.08996278591519975
0,240,52,13,9.1,Win,1.850725,0.0,0.1443827744569875,0.08822924436134169
0,241,75,13,6.799999999999998,Win,2.866736,0.0,0.15995545226625724,0.08840574355374904
0,242,46,13,9.700000000000001,Win,1.481971,0.0,0.17750458652455586,0.08865416818628388
0,243,47,13,9.600000000000001,Win,1.704023,0.0,0.13766949085394756,0.08832715771765154
0,244,45,13,9.800000000000002,Win,1.83884,0.0,0.1526483426320698,0.08589628788585017
0,245,64,13,7.900000000000005,Win,2.081158,0.0,0.13981332982054243,0.08563359608495974
0,246,40,13,10.300000000000004,Win,2.247753,0.0,0.13842481760409836,0.08608903903502153
0,247,42,13,10.100000000000001,Win,2.104799,0.0,0.16354970774461222,0.08673960241144847
0,248,44,13,9.900000000000002,Win,1.42459,0.0,0.1526257506552168,0.08456370308761633
0,249,52,13,9.1,Win,2.157473,0.0,0.16251193265236707,0.08528298039416046
0,250,60,13,8.299999999999997,Win,1.899346,0.0,0.14193116069887968,0.08396534783692262
0,251,49,13,9.4,Win,2.295651,0.0,0.19272144840341757,0.08425344390643617
0,252,42,13,10.100000000000001,Win,1.528969,0.0,0.160389150826676,0.08431112230729279
0,253,54,13,8.900000000000006,Win,1.615421,0.0,0.17627027035446402,0.08346029478378003
0,254,57,13,8.600000000000007,Win,1.690275,0.0,0.1505673521231651,0.08365762177518898
0,255,57,13,8.600000000000001,Win,2.481966,0.0,0.12954606533970753,0.08355538961703295
0,256,58,13,8.5,Win,2.714632,0.0,0.14324720685858328,0.08279222454777833
0,257,52,13,9.1,Win,2.262491,0.0,0.150376179633401,0.08272037070473115
0,258,48,13,9.500000000000005,Win,1.772214,0.0,0.1721026390438462,0.0816413966178726
0,259,41,13,10.200000000000003,Win,1.869849,0.0,0.14567614324960843,0.08216086349034082
0,260,41,13,10.2,Win,1.444613,0.0,0.15456952988943767,0.08156165972741658
0,261,52,13,9.100000000000007,Win,1.875149,0.0,0.14821319082821777,0.08149266377539337
0,262,52,13,9.1,Win,1.506964,0.0,0.14431308561788014,0.08092917267124916
0,263,66,13,7.6999999999999975,Win,2.168591,0.0,0.16639215433212048,0.08018139233708788
0,264,47,13,9.6,Win,1.645915,0.0,0.13428804327186733,0.08094751712741942
0,265,54,13,8.9,Win,2.097179,0.0,0.1235922030809352,0.08006159049882008
0,266,46,13,9.700000000000003,Win,1.582412,0.0,0.15292603460896367,0.07978477527661107
0,267,42,13,10.100000000000001,Win,1.634547,0.0,0.1323551566789139,0.07848955617882368
0,268,57,13,8.6,Win,1.65252,0.0,0.1308666172084455,0.07885167698259954
0,269,59,13,8.400000000000002,Win,2.067307,0.0,0.13923262815763887,0.07820866607474328
0,270,44,13,9.900000000000004,Win,1.568284,0.0,0.13712442828901275,0.07783045619197827
0,271,56,13,8.7,Win,1.850889,0.0,0.16425519015834789,0.07816937009242367
0,272,58,13,8.499999999999998,Win,1.763606,0.0,0.13977793668347624,0.077392896098982
0,273,34,13,10.900000000000002,Win,1.223486,0.0,0.13323504030327646,0.07647022335144617
0,274,56,13,8.7,Win,2.199756,0.0,0.1434793817651111,0.07810575911210464
0,275,62,13,8.099999999999998,Win,2.420306,0.0,0.1348379508514242,0.07827873847160402
0,276,61,13,8.200000000000005,Win,2.437236,0.0,0.14005796312409727,0.07688075583437987
0,277,56,13,8.700000000000005,Win,1.664769,0.0,0.15201806894981498,0.07690612782532046
0,278,43,13,10.000000000000007,Win,1.751248,0.0,0.143595278466146,0.07611623263084473
0,279,46,13,9.700000000000003,Win,1.906195,0.0,0.13101645479344873,0.07620380699909973
0,280,50,13,9.299999999999999,Win,1.804629,0.0,0.1500059094954683,0.07674512945563874
0,281,47,13,9.600000000000005,Win,1.941822,0.0,0.13015140544675685,0.07575303122356963
0,282,54,13,8.9,Win,1.693723,0.0,0.12936353588388866,0.07454565735528308
0,283,60,13,8.300000000000004,Win,1.830966,0.0,0.13738574873879827,0.07435360476657574
0,284,51,13,9.200000000000001,Win,1.912135,0.0,0.14175762884358262,0.07443568109829993
0,285,59,13,8.400000000000006,Win,2.150438,0.0,0.14351786548521225,0.07338609501087544
0,286,41,13,10.200000000000001,Win,1.984839,0.0,0.11363617262270777,0.07257898542868989
0,287,49,13,9.4,Win,1.617948,0.0,0.11365913980972184,0.07209418801902977
0,288,85,13,5.799999999999998,Win,2.936297,0.0,0.12747732881230373,0.07194928755387753
0,289,62,13,8.1,Win,2.833723,0.0,0.12296501687727845,0.07215794638354815
0,290,50,13,9.300000000000002,Win,1.965057,0.0,0.1502700375674563,0.07177446730589258
0,291,40,13,10.300000000000002,Win,1.579536,0.0,0.13922089184704486,0.07288120573256897
0,292,62,13,8.100000000000003,Win,2.591492,0.0,0.1299643860034501,0.07212000794625519
0,293,74,13,6.900000000000002,Win,2.54495,0.0,0.13006317079085242,0.07174111176556415
0,294,57,13,8.600000000000007,Win,2.103273,0.0,0.1299295852041171,0.07057317720688584
0,295,35,13,10.800000000000004,Win,1.370386,0.0,0.12075046605471147,0.07031250482374946
0,296,45,13,9.800000000000002,Win,1.86316,0.0,0.13437350576710255,0.0701920341045699
0,297,62,13,8.1,Win,2.564542,0.0,0.1193565052627106,0.069214134125182
0,298,62,13,8.100000000000001,Win,2.068624,0.0,0.13428789195502633,0.06929033825770299
0,299,52,13,9.100000000000001,Win,1.878743,0.0,0.14622279650756068,0.06792352467900799
0,300,50,13,9.299999999999999,Win,1.71456,0.0,0.1147954110510942,0.06738729466781403
0,301,38,13,10.5,Win,2.013998,0.0,0.1144391468163808,0.06735573005158309
0,302,69,13,7.4,Win,2.623975,0.0,0.10778016322022228,0.06813893231931503
0,303,50,13,9.299999999999999,Win,1.854016,0.0,0.12541063902540645,0.06729515761476156
0,304,63,13,8.000000000000004,Win,1.97734,0.0,0.10742357995142363,0.0664115404426088
0,305,45,13,9.799999999999997,Win,1.528555,0.0,0.11061528063078695,0.06618128292008345
0,306,42,13,10.100000000000001,Win,1.889053,0.0,0.12379852606739469,0.06587339758876462
0,307,54,13,8.899999999999999,Win,1.689214,0.0,0.13829729883114014,0.06478580887122604
0,308,58,13,8.5,Win,1.859429,0.0,0.11441850379310424,0.06445537811623189
0,309,46,13,9.700000000000001,Win,1.813226,0.0,0.12390260547556982,0.06414814254348862
0,310,63,13,8.000000000000005,Win,1.908751,0.0,0.1330769964795972,0.06339556905546374
0,311,46,13,9.700000000000003,Win,1.520259,0.0,0.12120906688236227,0.0640251010726603
0,312,60,13,8.299999999999999,Win,2.058943,0.0,0.11457873866207269,0.06375196251513039
0,313,53,13,9.0,Win,1.878889,0.0,0.11237147739663592,0.06295828496400122
0,314,41,13,10.200000000000003,Win,1.470394,0.0,0.10337137396005096,0.0630896968117295
0,315,36,13,10.700000000000003,Win,1.315428,0.0,0.12403009003157231,0.06317094990473045
0,316,45,13,9.8,Win,1.758349,0.0,0.11774164219905847,0.06244355327546251
0,317,47,13,9.6,Win,2.02565,0.0,0.1380673733326989,0.062264543091906446
0,318,37,13,10.600000000000007,Win,1.587514,0.0,0.1322446732488972,0.062147072242076516
0,319,49,13,9.400000000000002,Win,1.816942,0.0,0.11623022838883798,0.06185297807439218
0,320,60,13,8.300000000000002,Win,2.123363,0.0,0.11510419765067816,0.06079800668410503
0,321,58,13,8.500000000000004,Win,2.038629,0.0,0.10591331700620545,0.059993159288556246
0,322,47,13,9.6,Win,1.520552,0.0,0.09559227911872306,0.05964601380509191
0,323,51,13,9.2,Win,1.855138,0.0,0.10960552816674761,0.05997831883573006
0,324,56,13,8.700000000000001,Win,1.880202,0.0,0.11957113483936077,0.060626510801023534
0,325,54,13,8.899999999999999,Win,1.760321,0.0,0.1035391992218259,0.05998079653024101
0,326,63,13,8.000000000000007,Win,1.955618,0.0,0.10434373906880151,0.06016916938256964
0,327,44,13,9.900000000000004,Win,1.626592,0.0,0.1307657796990958,0.059479774691665
0,328,54,13,8.899999999999999,Win,1.587035,0.0,0.10706496701492046,0.06017981573370243
0,329,29,13,11.400000000000002,Win,1.574085,0.0,0.11677193948872656,0.059715960175172035
0,330,50,13,9.299999999999999,Win,1.905544,0.0,0.10547662002167024,0.05905752673363271
0,331,57,13,8.6,Win,2.040393,0.0,0.11817906601348231,0.05876494975195526
0,332,48,13,9.500000000000005,Win,1.443803,0.0,0.11927345194489171,0.05945532058794917
0,333,54,13,8.900000000000006,Win,1.434738,0.0,0.09885921910499075,0.06286614617305836
0,334,46,13,9.700000000000001,Win,2.200984,0.0,0.1129533855706291,0.05910211127791548
0,335,56,13,8.700000000000008,Win,1.820793,0.0,0.11876290602273624,0.05849431414508775
0,336,41,13,10.200000000000003,Win,1.521611,0.0,0.12013520560054944,0.057928724114901665
0,337,56,13,8.7,Win,2.202293,0.0,0.1282333361613309,0.05703153744893537
0,338,44,13,9.9,Win,1.582579,0.0,0.11424626518950033,0.056971019349231905
0,339,48,13,9.5,Win,1.763246,0.0,0.11422744603680898,0.05665423518756137
0,340,58,13,8.5,Win,2.916719,0.0,0.11861230385957651,0.056145229900392224
0,341,61,13,8.2,Win,1.635567,0.0,0.11364491339213885,0.055779266027568816
0,342,59,13,8.4,Win,2.055972,0.0,0.11546451428177311,0.05562185908999398
0,343,56,13,8.7,Win,1.401136,0.0,0.1166054945860334,0.055670686328875126
0,344,48,13,9.500000000000002,Win,1.502411,0.0,0.11335071873958505,0.05582592599384222
0,345,47,13,9.600000000000001,Win,1.673451,0.0,0.12108214996234083,0.055567233252781026
0,346,63,13,8.000000000000005,Win,1.74466,0.0,0.1018702789224351,0.05554944368037877
0,347,44,13,9.900000000000004,Win,1.22155,0.0,0.11178389345051673,0.05506359801443445
0,348,62,13,8.100000000000009,Win,1.826479,0.0,0.10790213827947455,0.055241108530704464
0,349,53,13,9.0,Win,1.513142,0.0,0.10088310933783921,0.05499627933320396
0,350,54,13,8.9,Win,1.649564,0.0,0.09849618110656037,0.05428947651631582
0,351,46,13,9.7,Win,1.359382,0.0,0.10713378926991074,0.05432445523065922
0,352,58,13,8.499999999999998,Win,1.362045,0.0,0.09976155459844221,0.054120152418094196
0,353,76,13,6.699999999999997,Win,1.972118,0.0,0.1110050529396791,0.054273503353436205
0,354,50,13,9.3,Win,1.57988,0.0,0.12299052081493912,0.05369159093144184
0,355,56,13,8.699999999999996,Win,1.723911,0.0,0.09527772762834617,0.054967872721826794
0,356,50,13,9.3,Win,1.557649,0.0,0.10359174370077344,0.05431261343839496
0,357,51,13,9.200000000000001,Win,1.580667,0.0,0.10673331738491172,0.05361209857623091
0,358,45,13,9.8,Win,1.504811,0.0,0.10885338162024512,0.05349987244879993
0,359,54,13,8.9,Win,1.46389,0.0,0.12378638508046495,0.053155522491711814
0,360,69,13,7.400000000000004,Win,1.879753,0.0,0.10775084315811753,0.05299107073482284
0,361,43,13,10.000000000000005,Win,1.392232,0.0,0.09173276454424213,0.05304068852008422
0,362,58,13,8.5,Win,1.831372,0.0,0.11428070666083603,0.053092046454347674
0,363,45,13,9.8,Win,1.738132,0.0,0.1014748529888285,0.0532864812903649
0,364,67,13,7.600000000000004,Win,2.263788,0.0,0.09849007147484128,0.052803152233411824
0,365,35,13,10.800000000000002,Win,1.093416,0.0,0.10416842738633525,0.052661753218420045
0,366,52,13,9.1,Win,1.936797,0.0,0.11071458881845299,0.052998582635829274
0,367,53,13,9.0,Win,2.183229,0.0,0.14157512637948502,0.05569417284345332
0,368,40,13,10.300000000000004,Win,1.740736,0.0,0.10433433285578012,0.05424852917952238
0,369,70,13,7.3,Win,2.59824,0.0,0.09707478122044225,0.052928758187463704
0,370,46,13,9.7,Win,1.747517,0.0,0.08775124788570694,0.052541125773577314
0,371,42,13,10.100000000000001,Win,1.195399,0.0,0.1070474348414252,0.05199948950957839
0,372,60,13,8.3,Win,2.088109,0.0,0.09335895150054416,0.051822182335542914
0,373,62,13,8.100000000000001,Win,2.454779,0.0,0.09320933492282639,0.05179017305397468
0,374,45,13,9.8,Win,1.182883,0.0,0.09902286064365733,0.05132335333125816
0,375,48,13,9.500000000000002,Win,1.355638,0.0,0.08942530349966069,0.05119225349728658
0,376,51,13,9.2,Win,1.710365,0.0,0.09701705669784559,0.051049638776020895
0,377,47,13,9.600000000000005,Win,1.284113,0.0,0.10176298856228651,0.05070587296216469
0,378,43,13,10.000000000000004,Win,1.897553,0.0,0.10427565783837608,0.05082286678151422
0,379,54,13,8.900000000000006,Win,2.380439,0.0,0.08586274363920442,0.05106185780177611
0,380,47,13,9.6,Win,1.754118,0.0,0.0972363295075059,0.05126088934632863
0,381,62,13,8.099999999999998,Win,1.863567,0.0,0.10202786270561609,0.05212065937889893
0,382,36,13,10.700000000000003,Win,1.146716,0.0,0.10323387447038458,0.051543947045014624
0,383,51,13,9.200000000000001,Win,1.604131,0.0,0.09913145789256969,0.05060129726345686
0,384,35,13,10.8,Win,1.257699,0.0,0.08384570264529616,0.05020321180237227
0,385,47,13,9.600000000000007,Win,1.191329,0.0,0.09078084114393521,0.0500932029760569
0,386,33,13,11.000000000000002,Win,1.160619,0.0,0.09358573989445323,0.05044438670417387
0,387,48,13,9.500000000000002,Win,1.657866,0.0,0.09632177571096176,0.050364521233447986
0,388,80,13,6.300000000000017,Win,1.953683,0.0,0.1474257864706486,0.057499383083515314
0,389,51,13,9.200000000000008,Win,1.461688,0.0,0.10158961537481109,0.05542210816763459
0,390,50,13,9.3,Win,1.567665,0.0,0.08732901401996115,0.05166398955934329
0,391,135,13,0.8000000000000116,Win,2.661703,0.0,0.11085610678509238,0.05342227649153307
0,392,42,13,10.100000000000001,Win,1.896958,0.0,0.09254923671570606,0.05096460054228719
0,393,36,13,10.700000000000001,Win,1.576292,0.0,0.09645620786793964,0.05017317802148686
0,394,39,13,10.4,Win,1.220133,0.0,0.08735555101116266,0.04947164819899095
0,395,64,13,7.899999999999999,Win,1.798999,0.0,0.10108120387198444,0.049367642324771074
0,396,42,13,10.100000000000005,Win,1.27186,0.0,0.09260987077557893,0.04884426267677211
0,397,56,13,8.700000000000003,Win,2.023162,0.0,0.09699911140146392,0.04863422175928386
0,398,41,13,10.2,Win,1.059618,0.0,0.09593027995983834,0.048306967313329216
0,399,43,13,10.000000000000005,Win,1.238698,0.0,0.10639000379446747,0.04811505846683476
0,400,59,13,8.4,Win,1.472993,0.0,0.08544620094069211,0.04776663707629417
0,401,58,13,8.5,Win,1.575978,0.0,0.10868366284984027,0.04750329465805789
0,402,46,13,9.700000000000001,Win,1.350117,0.0,0.08956407731858511,0.04796277244619595
0,403,55,13,8.8,Win,1.37065,0.0,0.0844815372004531,0.04774921837647715
0,404,53,13,9.0,Win,1.747332,0.0,0.10970544809136681,0.0470605746786696
0,405,50,13,9.300000000000006,Win,1.993686,0.0,0.09683394589482898,0.04733574336067892
0,406,65,13,7.799999999999997,Win,1.653248,0.0,0.09304052420680742,0.046686375944299106
0,407,56,13,8.7,Win,1.977891,0.0,0.1172739970770637,0.04689980504938564
0,408,47,13,9.600000000000001,Win,1.838654,0.0,0.10430284125619012,0.047667320885753914
0,409,47,13,9.600000000000005,Win,1.240893,0.0,0.07877795964466333,0.048962292932197844
0,410,41,13,10.200000000000001,Win,1.870463,0.0,0.09491581492402855,0.048742937464429835
0,411,54,13,8.900000000000002,Win,1.514489,0.0,0.08957715272262938,0.048144172079546424
0,412,35,13,10.800000000000002,Win,1.33636,0.0,0.10298972154855136,0.046305950164080296
0,413,62,13,8.1,Win,2.105758,0.0,0.08848703774689838,0.046113335479231986
0,414,40,13,10.3,Win,1.340418,0.0,0.09820383387709514,0.04624077144813754
0,415,40,13,10.3,Win,1.226782,0.0,0.08764493525282342,0.047166909781434715
0,416,56,13,8.699999999999998,Win,1.936759,0.0,0.08666955569426452,0.04555335083826245
0,417,51,13,9.2,Win,2.064912,0.0,0.1120501035393625,0.045109481452486846
0,418,69,13,7.400000000000005,Win,2.153677,0.0,0.2572866593709397,0.0500902836787937
0,419,53,13,9.000000000000002,Win,1.664274,0.0,0.10472645089324449,0.04734363025957571
0,420,51,13,9.200000000000006,Win,1.702701,0.0,0.09468699964072921,0.045597256154129275
0,421,48,13,9.500000000000002,Win,2.514173,0.0,0.08343609096846367,0.045627659382487
0,422,53,13,9.0,Win,1.519792,0.0,0.0802754258051571,0.044543401554948917
0,423,40,13,10.3,Win,2.054883,0.0,0.0784907493256552,0.044300697404247705
0,424,58,13,8.500000000000002,Win,1.768819,0.0,0.08466176009013428,0.04419109030587798
0,425,48,13,9.5,Win,1.391539,0.0,0.07999953730477251,0.043893383456730294
0,426,44,13,9.900000000000004,Win,1.393589,0.0,0.09075257336566138,0.04413296603571585
0,427,49,13,9.399999999999999,Win,1.270072,0.0,0.07655318606042484,0.0438385871912406
0,428,49,13,9.399999999999999,Win,1.730611,0.0,0.10483956064123118,0.04417151515555287
0,429,61,13,8.200000000000006,Win,1.891823,0.0,0.0996959376985282,0.043780754886469785
0,430,41,13,10.200000000000005,Win,1.421405,0.0,0.10279027697226836,0.04363043099369237
0,431,54,13,8.900000000000002,Win,1.740134,0.0,0.08839299882222361,0.0436334531211294
0,432,52,13,9.100000000000009,Win,1.557641,0.0,0.08493295951087759,0.04296577426472229
0,433,40,13,10.300000000000002,Win,1.619895,0.0,0.09277993120741754,0.043168853559703305
0,434,41,13,10.200000000000001,Win,1.299267,0.0,0.07954974372962467,0.043276370868828115
0,435,37,13,10.600000000000001,Win,1.294582,0.0,0.07993072129375446,0.04285011542939878
0,436,43,13,10.000000000000005,Win,1.220069,0.0,0.07818050603938251,0.043443852276145896
0,437,43,13,10.000000000000002,Win,1.555948,0.0,0.08458688448088993,0.04305771787372534
0,438,48,13,9.5,Win,1.251716,0.0,0.10745611891156295,0.04312510865752139
0,439,42,13,10.100000000000001,Win,1.284671,0.0,0.08715868472418455,0.04275328676961064
0,440,73,13,6.999999999999998,Win,1.948714,0.0,0.089205356559058,0.04248741631436648
0,441,40,13,10.300000000000004,Win,1.276999,0.0,0.07986281301970778,0.04264699105189771
0,442,53,13,9.000000000000004,Win,1.61187,0.0,0.08464627043964985,0.04246609127249508
0,443,47,13,9.600000000000003,Win,1.322112,0.0,0.08726386528807276,0.042655240048132564
0,444,54,13,8.9,Win,1.48708,0.0,0.09696441995471343,0.042225311242529116
0,445,38,13,10.5,Win,0.99534,0.0,0.09026159129304098,0.042050494590477265
0,446,44,13,9.899999999999999,Win,1.770536,0.0,0.08447167664339182,0.042436807002193926
0,447,50,13,9.300000000000006,Win,1.142724,0.0,0.07956086050558665,0.04191367148268091
0,448,59,13,8.399999999999999,Win,1.661909,0.0,0.08629170927777378,0.041460515289124776
0,449,36,13,10.700000000000005,Win,1.546888,0.0,0.08495673742668562,0.041960112834263284
0,450,33,13,11.000000000000002,Win,1.008174,0.0,0.09618626806676066,0.042576487545447225
0,451,62,13,8.100000000000003,Win,1.415862,0.0,0.1354583455095806,0.048953212976228226
0,452,49,13,9.4,Win,1.867655,0.0,0.12160012091431224,0.04960545808433346
0,453,61,13,8.200000000000008,Win,1.897512,0.0,0.1033471595980792,0.04300921519941288
0,454,36,13,10.700000000000006,Win,1.079055,0.0,0.09347490487563476,0.04263817782141312
0,455,75,13,6.800000000000006,Win,2.047433,0.0,0.09587018204849014,0.04195183565571533
0,456,74,13,6.899999999999999,Win,1.938127,0.0,0.07259245398591826,0.0417071742132258
0,457,43,13,10.0,Win,1.661509,0.0,0.08319515381463304,0.04158307611541446
0,458,31,13,11.200000000000003,Win,1.088249,0.0,0.09317806251073764,0.04095349467478804
0,459,54,13,8.9,Win,1.450026,0.0,0.08298642960031095,0.04072260196567407
0,460,52,13,9.100000000000003,Win,1.66024,0.0,0.07311790259657781,0.04059739323722457
0,461,51,13,9.2,Win,1.674928,0.0,0.09706696120022011,0.0400976789921127
0,462,46,13,9.700000000000005,Win,1.373571,0.0,0.08668411636263358,0.03980404187874141
0,463,43,13,10.0,Win,1.675965,0.0,0.09684017578891836,0.03928794630088722
0,464,61,13,8.200000000000003,Win,1.706239,0.0,0.08036087394418999,0.039269812676883516
0,465,47,13,9.600000000000003,Win,1.339351,0.0,0.07956970792150717,0.039544160331753536
0,466,45,13,9.8,Win,1.148355,0.0,0.07404568628943836,0.03920549530391908
0,467,51,13,9.200000000000001,Win,1.397783,0.0,0.08704631191770666,0.03901672468405013
0,468,56,13,8.700000000000001,Win,1.559272,0.0,0.07203400348190142,0.03936399787941504
0,469,42,13,10.1,Win,1.016779,0.0,0.08456591092030222,0.03917693471946444
0,470,47,13,9.600000000000003,Win,1.003329,0.0,0.07883208856092037,0.03921704242471027
0,471,49,13,9.400000000000002,Win,1.051491,0.0,0.09478378982559778,0.039387890449690884
0,472,44,13,9.900000000000002,Win,1.3604,0.0,0.07508105812703522,0.03922001764591828
0,473,42,13,10.100000000000005,Win,1.592601,0.0,0.08087897303521137,0.03889655361995119
0,474,35,13,10.800000000000004,Win,1.370336,0.0,0.111952238229135,0.0388388080198525
0,475,55,13,8.800000000000004,Win,1.407931,0.0,0.07867142229262537,0.03872787541803031
0,476,50,13,9.3,Win,1.620488,0.0,0.1025573179013501,0.03876243911186329
0,477,54,13,8.9,Win,1.318728,0.0,0.0733063541075634,0.038874348201273515
0,478,45,13,9.800000000000008,Win,1.082278,0.0,0.07498941129742467,0.03900711301297298
0,479,36,13,10.700000000000001,Win,1.202921,0.0,0.0728591249991473,0.03881076827172632
0,480,64,13,7.899999999999997,Win,1.484178,0.0,0.07915075412175641,0.03872075185930536
0,481,50,13,9.299999999999999,Win,1.181562,0.0,0.09947588809309188,0.03903851710588314
0,482,43,13,10.0,Win,1.236178,0.0,0.08989669411060851,0.03925966121296045
0,483,62,13,8.1,Win,1.539488,0.0,0.0852398196299181,0.04086626965108982
0,484,44,13,9.900000000000004,Win,1.115194,0.0,0.08206579776963219,0.03980469498263643
0,485,59,13,8.40000000000001,Win,1.812109,0.0,0.08748990625064569,0.03959487455766266
0,486,48,13,9.500000000000004,Win,1.431979,0.0,0.08265142770907974,0.03959589123122841
0,487,54,13,8.900000000000002,Win,1.326296,0.0,0.10338993086908681,0.040710737869846414
0,488,54,13,8.900000000000007,Win,1.240794,0.0,0.08994486698375442,0.04395427156867917
0,489,44,13,9.900000000000002,Win,1.613152,0.0,0.09266179317578002,0.045739711818504815
0,490,50,13,9.3,Win,1.800899,0.0,0.0822300798171064,0.04301443942807304
0,491,45,13,9.8,Win,1.484652,0.0,0.07108653031820966,0.04003331147087824
0,492,58,13,8.5,Win,1.760195,0.0,0.08987273148958143,0.039472201506396375
0,493,39,13,10.400000000000004,Win,1.109791,0.0,0.08886843682805012,0.039333407781700504
0,494,46,13,9.700000000000003,Win,1.195876,0.0,0.08267305494645784,0.03925870052162353
0,495,39,13,10.400000000000004,Win,1.574573,0.0,0.08085725583001664,0.03891521300419929
0,496,50,13,9.300000000000002,Win,1.955241,0.0,0.06523663208405192,0.03837482044982255
0,497,49,13,9.400000000000002,Win,1.464997,0.0,0.08287479053227483,0.03834722707644907
0,498,83,13,5.999999999999995,Win,1.886499,0.0,0.08550715124887218,0.03825613770296964
0,499,58,13,8.499999999999998,Win,1.528486,0.0,0.09301659353674907,0.03835933452702795
0,500,43,13,10.0,Win,1.327171,0.0,0.09128345051879928,0.03832127405991174
0,501,54,13,8.9,Win,1.702748,0.0,0.06361090704719405,0.03806378894616121
0,502,43,13,10.000000000000004,Win,1.251451,0.0,0.06898063223237533,0.03807472635261361
0,503,45,13,9.800000000000002,Win,1.221705,0.0,0.0809540392794749,0.038010971991576395
0,504,43,13,10.000000000000004,Win,1.20466,0.0,0.07237052171339145,0.037902923321324215
0,505,37,13,10.600000000000003,Win,1.394927,0.0,0.07239182195138537,0.03787335115283678
0,506,51,13,9.200000000000006,Win,1.890739,0.0,0.08579557479943485,0.03768648072775607
0,507,34,13,10.900000000000002,Win,1.231073,0.0,0.07638116550734801,0.03768953639031468
0,508,48,13,9.499999999999998,Win,1.701261,0.0,0.07960230070983479,0.03752123463138322
0,509,39,13,10.4,Win,1.547628,0.0,0.08844821985357003,0.0374780564494147
0,510,57,13,8.6,Win,1.746649,0.0,0.06612419558950815,0.03751850596057348
0,511,43,13,10.000000000000002,Win,1.485154,0.0,0.07712916682499053,0.03726970210871075
0,512,30,13,11.300000000000002,Win,1.149231,0.0,0.08471734825463763,0.03739504141752096
0,513,37,13,10.600000000000003,Win,1.2942,0.0,0.06689231026630026,0.037204935540421626
0,514,91,13,5.199999999999996,Win,2.912676,0.0,0.07781564000856944,0.03768023558869224
0,515,41,13,10.200000000000005,Win,1.429464,0.0,0.07207218473052503,0.03751030238279003
0,516,42,13,10.100000000000003,Win,1.551449,0.0,0.11857647506589242,0.037280990936196905
0,517,39,13,10.4,Win,1.256663,0.0,0.08574533525414865,0.03707563831225123
0,518,47,13,9.600000000000001,Win,1.404768,0.0,0.06429113554377398,0.03665771403346596
0,519,47,13,9.600000000000001,Win,1.604184,0.0,0.07834471996860574,0.03660179961962062
0,520,40,13,10.300000000000002,Win,1.340179,0.0,0.09582859136390164,0.03669599567606724
0,521,50,13,9.299999999999999,Win,1.548062,0.0,0.07544358196382811,0.036412330414902515
0,522,61,13,8.200000000000005,Win,1.859062,0.0,0.06323786517546316,0.03658295888377684
0,523,56,13,8.7,Win,1.585824,0.0,0.06740542190875845,0.036611369159650534
0,524,49,13,9.400000000000006,Win,1.54189,0.0,0.07916747363010979,0.036458317001765626
0,525,55,13,8.8,Win,1.635045,0.0,0.06576319198080201,0.036508406236214125
0,526,57,13,8.599999999999998,Win,1.440974,0.0,0.08796887181115508,0.03643306494298242
0,527,47,13,9.600000000000001,Win,1.648302,0.0,0.07744728400950907,0.03622906784547822
0,528,40,13,10.300000000000004,Win,1.584273,0.0,0.07028010331228093,0.03579470385928416
0,529,38,13,10.500000000000004,Win,1.265585,0.0,0.07201082990072008,0.03583376608092485
0,530,50,13,9.300000000000006,Win,1.46901,0.0,0.07647069607810021,0.03544860416608876
0,531,53,13,9.000000000000004,Win,1.661472,0.0,0.07872745195018344,0.03536390733608763
0,532,36,13,10.700000000000003,Win,1.105287,0.0,0.08607754291880473,0.03550077903293392
0,533,41,13,10.200000000000005,Win,1.652748,0.0,0.0858107398649611,0.03599466895372654
0,534,52,13,9.100000000000001,Win,1.664462,0.0,0.09201948659327157,0.0400217686465051
0,535,63,13,8.000000000000002,Win,1.867441,0.0,0.14666947270337416,0.04350591673860497
0,536,53,13,9.000000000000005,Win,2.077957,0.0,0.07360984525192846,0.03724392687531742
0,537,45,13,9.800000000000002,Win,1.604258,0.0,0.06805405986770623,0.03525124775669873
0,538,36,13,10.700000000000003,Win,1.250987,0.0,0.07688450498751627,0.034799806148792904
0,539,46,13,9.7,Win,1.494803,0.0,0.07607382691489391,0.034712327533054164
0,540,44,13,9.899999999999999,Win,1.505877,0.0,0.07218124633842449,0.03448592344351694
0,541,50,13,9.299999999999999,Win,1.683847,0.0,0.06752157309372403,0.035043229568867316
0,542,36,13,10.700000000000003,Win,1.392261,0.0,0.0654835334960452,0.0348449803146383
0,543,56,13,8.700000000000005,Win,1.865664,0.0,0.06924006319986806,0.03491315909121568
0,544,45,13,9.800000000000002,Win,1.421079,0.0,0.07196594831832774,0.03488677923270044
0,545,70,13,7.299999999999999,Win,2.508345,0.0,0.08755927302711534,0.03446287019725239
0,546,38,13,10.500000000000004,Win,1.292379,0.0,0.07885956973495868,0.03460376194785052
0,547,50,13,9.3,Win,1.643442,0.0,0.07555951774207673,0.034493644153363305
0,548,62,13,8.099999999999998,Win,2.279177,0.0,0.06617467634904683,0.03454982318859159
0,549,58,13,8.5,Win,2.066815,0.0,0.06433235225081489,0.03464855791340746
0,550,61,13,8.200000000000006,Win,1.863372,0.0,0.07934324754814195,0.03435476499929608
0,551,64,13,7.899999999999999,Win,1.865814,0.0,0.07566679869130517,0.03426724142772492
0,552,49,13,9.400000000000006,Win,1.610612,0.0,0.08895361667697739,0.034222878505043755
0,553,34,13,10.900000000000002,Win,1.294893,0.0,0.07288423064986704,0.034131520828554154
0,554,64,13,7.899999999999997,Win,1.806857,0.0,0.0714234499803929,0.033825843929306196
0,555,51,13,9.200000000000001,Win,1.838087,0.0,0.0729788854910236,0.033931398991395474
0,556,62,13,8.1,Win,1.815304,0.0,0.081127099754535,0.033751029131542404
0,557,47,13,9.600000000000001,Win,1.433901,0.0,0.057418634604357296,0.03378497043857415
0,558,52,13,9.1,Win,1.638013,0.0,0.08193247476347203,0.03361066106193358
0,559,41,13,10.200000000000001,Win,1.463038,0.0,0.06634006388239562,0.03344666932944009
0,560,46,13,9.700000000000003,Win,1.529216,0.0,0.06876121049963387,0.033377399433339006
0,561,50,13,9.3,Win,1.489975,0.0,0.07817206785626342,0.033261961670401595
0,562,50,13,9.300000000000002,Win,2.070633,0.0,0.06980670895311283,0.03341593868500314
0,563,55,13,8.800000000000006,Win,1.473218,0.0,0.07041981902491504,0.03329368255065466
0,564,55,13,8.800000000000004,Win,1.863407,0.0,0.06457820020005813,0.033561161581617
0,565,68,13,7.5000000000000036,Win,2.109731,0.0,0.07106378372607093,0.033543266146518785
0,566,46,13,9.7,Win,1.365056,0.0,0.07821389260219178,0.03340077015413298
0,567,40,13,10.299999999999999,Win,2.196292,0.0,0.08700326633307572,0.03336136647281387
0,568,46,13,9.700000000000001,Win,1.751245,0.0,0.07230898185968891,0.03332145177044231
0,569,40,13,10.300000000000004,Win,1.297632,0.0,0.07380216702263274,0.033525196565634865
0,570,69,13,7.400000000000002,Win,1.753706,0.0,0.08149717851831828,0.03326966718916596
0,571,42,13,10.100000000000001,Win,1.170264,0.0,0.062349319119778944,0.03306592438187626
0,572,47,13,9.599999999999998,Win,1.331149,0.0,0.069206441917693,0.03299071397365501
0,573,38,13,10.500000000000004,Win,1.36275,0.0,0.07441624054578574,0.033106462092365965
0,574,46,13,9.700000000000003,Win,1.500793,0.0,0.06448493716971743,0.03318646661149413
0,575,51,13,9.200000000000005,Win,1.305996,0.0,0.06543085020233053,0.03290387397710199
0,576,43,13,10.000000000000005,Win,1.600045,0.0,0.08486337027164735,0.03267184734945647
0,577,52,13,9.100000000000001,Win,1.655591,0.0,0.08169856136188247,0.03287330768789369
0,578,72,13,7.099999999999999,Win,1.874621,0.0,0.06861008837608996,0.03282493065926897
0,579,39,13,10.399999999999999,Win,1.415734,0.0,0.0769732084026521,0.03287978795963035
0,580,39,13,10.4,Win,1.520295,0.0,0.0724457024374468,0.032773779437644826
0,581,26,13,11.700000000000003,Win,0.774019,0.0,0.07518929300006826,0.03278051517401104
0,582,45,13,9.8,Win,1.468522,0.0,0.08066768183954029,0.032699172978447606
0,583,81,13,6.200000000000021,Win,2.459401,0.0,0.07061237797347684,0.032908106577832635
0,584,52,13,9.100000000000007,Win,1.693933,0.0,0.05986896817855114,0.03315626233172073
0,585,84,13,5.900000000000002,Win,2.174311,0.0,0.06286928199776258,0.033281434756922385
0,586,57,13,8.600000000000003,Win,1.410539,0.0,0.07512776719776827,0.03320352431543127
0,587,55,13,8.8,Win,1.626172,0.0,0.07557030636811904,0.0332876564495713
0,588,41,13,10.2,Win,1.117789,0.0,0.06414646581764157,0.03287368993546282
0,589,44,13,9.9,Win,1.471992,0.0,0.06765757354571934,0.033086160650798
0,590,52,13,9.100000000000001,Win,1.642659,0.0,0.09077988171353804,0.03300443409338692
0,591,45,13,9.799999999999999,Win,1.367876,0.0,0.07690270799566111,0.032723832091345585
0,592,49,13,9.399999999999999,Win,1.582042,0.0,0.19493582306865334,0.03554375293268848
0,593,56,13,8.70000000000001,Win,1.73644,0.0,0.07055123981458537,0.03441291310571434
0,594,47,13,9.600000000000005,Win,1.481871,0.0,0.06269253473132098,0.033377336381896314
0,595,58,13,8.500000000000005,Win,1.692908,0.0,0.08013522311023169,0.032942705948090595
0,596,81,13,6.2000000000000135,Win,2.11662,0.0,0.07565873888049536,0.03341463764431555
0,597,47,13,9.599999999999998,Win,1.082921,0.0,0.07283232749996381,0.03315206600719746
0,598,36,13,10.700000000000001,Win,1.030693,0.0,0.06466398592079702,0.03292204554959594
0,599,43,13,10.000000000000002,Win,1.428907,0.0,0.05917062565199002,0.03266268080255049
0,600,50,13,9.3,Win,1.733942,0.0,0.06085622679323403,0.032611958265186675
0,601,55,13,8.8,Win,2.032097,0.0,0.06617456406363185,0.03250096047210907
0,602,45,13,9.800000000000006,Win,1.485974,0.0,0.06376995511870424,0.03239207157249143
0,603,39,13,10.400000000000002,Win,1.591923,0.0,0.07402256801342909,0.032439198680929815
0,604,42,13,10.100000000000005,Win,1.566486,0.0,0.052899213653652535,0.032609546821489956
0,605,58,13,8.500000000000005,Win,2.069613,0.0,0.0670244812777879,0.03293111774823047
0,606,53,13,9.0,Win,1.580407,0.0,0.14606646701400064,0.03785268264982795
0,607,52,13,9.1,Win,2.005269,0.0,0.09340468769773161,0.037819051687471676
0,608,32,13,11.100000000000001,Win,1.228331,0.0,0.2384780445666377,0.03665159092454583
0,609,44,13,9.900000000000007,Win,1.207817,0.0,0.07695123003107081,0.034430967392310115
0,610,64,13,7.899999999999999,Win,1.999834,0.0,0.06223467944229561,0.03273973166150918
0,611,65,13,7.800000000000004,Win,1.946385,0.0,0.06704796605090964,0.032030459342055104
0,612,35,13,10.800000000000002,Win,1.071613,0.0,0.05714166837827288,0.031688929592279376
0,613,60,13,8.300000000000006,Win,2.121167,0.0,0.07408703605606104,0.03171140105481882
0,614,60,13,8.299999999999997,Win,1.842965,0.0,0.0673567097712755,0.03176594483057782
0,615,41,13,10.2,Win,1.355918,0.0,0.0591290641677732,0.03154917788453178
0,616,48,13,9.5,Win,1.60743,0.0,0.07234127177474674,0.032081259995682156
0,617,46,13,9.700000000000003,Win,1.352565,0.0,0.06428658456306999,0.03146133557943084
0,618,44,13,9.900000000000002,Win,1.211768,0.0,0.05942466775252593,0.031294203317856616
0,619,52,13,9.099999999999998,Win,2.073736,0.0,0.06023171075730582,0.0312409446603603
0,620,39,13,10.4,Win,1.183452,0.0,0.06259315803662964,0.031046505805467552
0,621,48,13,9.500000000000009,Win,1.291956,0.0,0.0782704652968738,0.030889790059044287
0,622,69,13,7.400000000000002,Win,1.576845,0.0,0.07140314932569,0.03076962462709491
0,623,41,13,10.200000000000001,Win,1.607907,0.0,0.059638744899303174,0.030871612432978562
0,624,36,13,10.700000000000001,Win,1.239242,0.0,0.062292409479412746,0.030955076680039103
0,625,68,13,7.4999999999999964,Win,1.575545,0.0,0.0659707137007885,0.032761101876101754
0,626,45,13,9.800000000000002,Win,1.142705,0.0,0.05929006209997145,0.03135437430071266
0,627,47,13,9.600000000000001,Win,1.474534,0.0,0.0740778647653383,0.030870282061749688
0,628,39,13,10.4,Win,1.257845,0.0,0.08787202290642021,0.030663283236211095
0,629,45,13,9.800000000000004,Win,1.328956,0.0,0.0694417809251071,0.030698431810669995
0,630,59,13,8.399999999999999,Win,1.498791,0.0,0.06210788799496827,0.030474843281380153
0,631,48,13,9.5,Win,1.205099,0.0,0.05663387292920902,0.030535843064654372
0,632,69,13,7.400000000000002,Win,1.91589,0.0,0.060204820456459376,0.030454713778769835
0,633,41,13,10.2,Win,1.218907,0.0,0.06489860984451468,0.030435849239968508
0,634,52,13,9.100000000000001,Win,1.35514,0.0,0.059914175680982146,0.03016562622064372
0,635,102,13,4.100000000000003,Win,1.965371,0.0,0.07506234824702855,0.03036497347140755
0,636,43,13,10.000000000000004,Win,1.299913,0.0,0.07209391704600655,0.030238405959930305
0,637,61,13,8.2,Win,1.554261,0.0,0.08391957885088011,0.030098330597752517
0,638,63,13,7.999999999999998,Win,1.745834,0.0,0.05219483853883171,0.030437425730835726
0,639,57,13,8.600000000000005,Win,1.811437,0.0,0.06098200882235812,0.030352539785053964
0,640,58,13,8.500000000000012,Win,1.301745,0.0,0.0565532106216881,0.03069906394578795
0,641,69,13,7.400000000000006,Win,1.47296,0.0,0.07342542390038655,0.030216811783741155
0,642,56,13,8.7,Win,1.595358,0.0,0.06982291382750076,0.030040165278587508
0,643,44,13,9.9,Win,1.276035,0.0,0.06473262688470693,0.03018825562996162
0,644,44,13,9.9,Win,1.387123,0.0,0.06381528009512957,0.03001386222129791
0,645,62,13,8.100000000000005,Win,1.315654,0.0,0.061209495328850845,0.031672656763913475
0,646,44,13,9.900000000000004,Win,1.278155,0.0,0.12683322622717802,0.03924855408678503
0,647,53,13,9.0,Win,1.327126,0.0,0.0636229634614999,0.03288305861707164
0,648,48,13,9.500000000000004,Win,1.544785,0.0,0.11087573541177875,0.031923064470422015
0,649,55,13,8.799999999999999,Win,1.842747,0.0,0.07425491041570592,0.030136294129947602
0,650,49,13,9.400000000000002,Win,1.429912,0.0,0.0750805912531428,0.029721166373792712
0,651,51,13,9.2,Win,1.386797,0.0,0.05945486951458553,0.029566881108807164
0,652,51,13,9.2,Win,0.9774,0.0,0.05423065654466377,0.02917833141233451
0,653,49,13,9.400000000000002,Win,1.805419,0.0,0.05572217159021836,0.028990548502320093
0,654,45,13,9.8,Win,1.313056,0.0,0.06302646079921988,0.02883976539094609
0,655,64,13,7.900000000000002,Win,1.744988,0.0,0.055283974443849776,0.028639955935409855
0,656,49,13,9.400000000000002,Win,1.27403,0.0,0.06163021490709929,0.02879425185116472
0,657,75,13,6.800000000000002,Win,1.754922,0.0,0.06569957852075141,0.02894573430552732
0,658,64,13,7.900000000000004,Win,1.75206,0.0,0.06613000853441763,0.028905685579873223
0,659,48,13,9.500000000000007,Win,1.38236,0.0,0.05425835292266488,0.02895494343835139
0,660,52,13,9.100000000000001,Win,1.562877,0.0,0.056208887316841205,0.02881417685105629
0,661,47,13,9.600000000000007,Win,1.390984,0.0,0.05324164813739044,0.028594118488772725
0,662,56,13,8.7,Win,2.095859,0.0,0.06808696307747945,0.02886679916168231
0,663,53,13,9.0,Win,1.744656,0.0,0.056097892619092114,0.028779656245712687
0,664,67,13,7.600000000000008,Win,2.149215,0.0,0.10716982259567492,0.032727904544606994
0,665,39,13,10.400000000000004,Win,1.03734,0.0,0.1345716959140741,0.035669858650685664
0,666,54,13,8.900000000000007,Win,1.632777,0.0,0.0651924822090842,0.0298951148125937
0,667,64,13,7.899999999999999,Win,1.392144,0.0,0.06695813881962495,0.029351337552135252
0,668,68,13,7.499999999999998,Win,2.202646,0.0,0.0648020251011724,0.028761512693221428
0,669,51,13,9.200000000000003,Win,1.49249,0.0,0.06488060903639464,0.028448688712286587
0,670,65,13,7.8000000000000025,Win,1.606855,0.0,0.051873224751580994,0.028534406915523274
0,671,65,13,7.799999999999997,Win,1.458518,0.0,0.05623421883452809,0.028357809274541866
0,672,47,13,9.600000000000005,Win,1.168939,0.0,0.05374316818671673,0.028211571397947773
0,673,60,13,8.300000000000006,Win,1.61458,0.0,0.0666286862691717,0.028173987042043533
0,674,56,13,8.700000000000003,Win,1.498579,0.0,0.053837723086124424,0.027980961317778136
0,675,55,13,8.799999999999999,Win,1.452873,0.0,0.05361939714249658,0.0278812502445611
0,676,42,13,10.100000000000001,Win,1.55052,0.0,0.05557674377846074,0.027891160521195797
0,677,48,13,9.500000000000002,Win,1.577399,0.0,0.06094776470086382,0.027824478454569767
0,678,55,13,8.8,Win,1.517197,0.0,0.05766718621187172,0.027641538420257166
0,679,66,13,7.700000000000002,Win,2.122627,0.0,0.06987240294487058,0.027509368745495706
0,680,49,13,9.40000000000001,Win,1.747245,0.0,0.06896466866208388,0.027462030002621603
0,681,65,13,7.799999999999996,Win,1.973582,0.0,0.054369161643741254,0.027484456598828744
0,682,77,13,6.599999999999997,Win,2.047779,0.0,0.04934922264954907,0.02758068221460736
0,683,52,13,9.100000000000001,Win,1.69665,0.0,0.05665408802579702,0.027529044817122227
0,684,58,13,8.5,Win,1.817834,0.0,0.059077565604305576,0.027683305794957706
0,685,52,13,9.099999999999998,Win,1.80731,0.0,0.05248317118529417,0.027538466063989957
0,686,53,13,9.000000000000007,Win,1.869761,0.0,0.05482005166848276,0.027512919424096623
0,687,53,13,9.000000000000002,Win,1.669838,0.0,0.07410095728763884,0.027705008248511666
0,688,87,13,5.599999999999998,Win,2.404196,0.0,0.07844434362264385,0.027867707966268047
0,689,45,13,9.8,Win,1.714504,0.0,0.05810543326223226,0.02781702002728951
0,690,73,13,7.000000000000013,Win,2.194886,0.0,0.11178061976506959,0.036312777549784195
0,691,40,13,10.3,Win,1.614892,0.0,0.08001831000094205,0.031060062343993475
0,692,46,13,9.700000000000001,Win,1.934602,0.0,0.08406331244730868,0.029737734819154524
0,693,43,13,10.000000000000002,Win,1.511525,0.0,0.0543120080061331,0.029203515975779717
0,694,50,13,9.3,Win,1.978515,0.0,0.05463968480757553,0.029125662783488396
0,695,32,13,11.100000000000001,Win,1.267413,0.0,0.07017792066520241,0.028838293105690766
0,696,38,13,10.500000000000004,Win,1.311272,0.0,0.0670774277078348,0.02896762791304833
0,697,47,13,9.600000000000001,Win,1.608945,0.0,0.052439973934348676,0.028469543391543034
0,698,41,13,10.200000000000001,Win,1.414488,0.0,0.0657272109894195,0.02831523925244407
0,699,56,13,8.700000000000005,Win,1.649102,0.0,0.058922552312716946,0.02835102568410396
0,700,41,13,10.200000000000001,Win,1.743474,0.0,0.05241836239312234,0.028544374730232303
0,701,61,13,8.2,Win,1.877584,0.0,0.05751605729407745,0.028515595184817343
0,702,64,13,7.900000000000009,Win,2.117762,0.0,0.07019806847819957,0.02851717778614198
0,703,55,13,8.800000000000008,Win,1.585882,0.0,0.056460426493943054,0.02843648137663927
0,704,50,13,9.299999999999999,Win,1.609284,0.0,0.05410879080485419,0.02832906922922873
0,705,50,13,9.3,Win,1.699933,0.0,0.06449999134409888,0.028303352432881113
0,706,49,13,9.400000000000002,Win,1.414521,0.0,0.052847599558411854,0.028276092972361392
0,707,29,12,8.3,Trapped,1.457274,0.0,0.11925839278688638,0.04264106567981996
0,708,50,13,9.299999999999999,Win,1.750895,0.0,0.1509518538870019,0.042730665462993686
0,709,44,13,9.9,Win,1.468761,0.0,0.1156318253482207,0.04223501255019839
0,710,52,13,9.100000000000001,Win,2.08866,0.0,0.15395990524339892,0.04195563562952669
0,711,45,13,9.8,Win,2.313561,0.0,0.09576847920218634,0.042045547666859265
0,712,51,13,9.200000000000005,Win,1.354081,0.0,0.3328128493287137,0.04705807661987118
